"","popularity","name","uri"
"8901",91,"Something in the Orange","spotify:track:3WMj8moIAXJhHsyLaqIIHI"
"5406",79,"worldstar money (interlude)","spotify:track:0baNzeUcPQnQSagpe8T0mD"
"2900",49,"Let Down","spotify:track:4Cti8D5eFnO5WQ2DIev9ZI"
"34539",46,"Saving Us","spotify:track:4gbu9TuMIFF4j7jGuHzWf3"
"30398",35,"We're Back","spotify:track:1ZJxbuLgC5Zzoub0YFVG3t"
"30487",43,"Ruff Ryders Anthem","spotify:track:0CT9dRh7mbYKGCPLwIcVqH"
"37632",32,"Verleiden","spotify:track:68Ke6YIUJQ4bpyUxejPo9m"
"34770",5,"TIME FLIES ! (Feat. Benzamin, Untell, B JYUN.)","spotify:track:4cdxq8L8ZoRcQJ5q7KA4WO"
"20845",34,"Turbilhão","spotify:track:7DFFnnPvYyZkNSs9UNW7Rh"
"3196",1,"Wishing for You","spotify:track:3YZh71fo8XZBXBAOkspAlP"
"10668",53,"Home","spotify:track:0OwoAzOM3ULaLoiYpC5axn"
"35546",58,"10.000 Razones","spotify:track:3tovofu1VVmE3fXKKmTapY"
"29407",54,"Switch Up","spotify:track:370gYGXO7Lo6nCtCuHjUBS"
"5783",46,"saw the future","spotify:track:12LpWREnN42vmvU4Vmgbhu"
"26125",38,"Nuestro Amigo","spotify:track:4nu11UCEcNvEX6rLVTYZ1k"
"26176",28,"Essa E Pra","spotify:track:0h48TjgKBS8WPOqP5aVnKh"
"24865",3,"The Closer I Get To You (Interlude)","spotify:track:105X9lWCmkPEdT3ZIP2Io7"
"25608",28,"Unforgivable","spotify:track:2OsypaDnRwVyJdWrytx9Qr"
"24511",9,"Êh! Saudade!","spotify:track:05UzptM5EZkdg8sPbRa4jL"
"24302",32,"Sweet Little Angel","spotify:track:14DtWZA10VU7PZLxM5vO6g"
"39664",50,"La Que Se Fue, Se Fue! - Version Album","spotify:track:0FwVRoHLcSHu72HFucnmdk"
"9582",45,"bloodstream","spotify:track:3VJ8JnA1femj0x5KCcfBpT"
"11212",59,"Meat & Greet","spotify:track:4DUDclz23qWzRVNe4a8zeK"
"28070",57,"Griztronics II (Another Level)","spotify:track:2il9NDpW87Hk2L9AjeDf8r"
"7982",22,"Corazón de Texas","spotify:track:4ntPwcxwfkTEGkzAra1Od6"
"35314",24,"Shelter","spotify:track:5cK7Q9uzI4onZE7zVhQnw7"
"36014",13,"DISS FRESSTYLE","spotify:track:0YJEvIRGn2GTine8RAEAm5"
"30668",48,"Cisco Kid","spotify:track:4BTz4WteGHSALrAsv36Llr"
"28370",14,"Mä en muuttais meissä mitään","spotify:track:1Aat9KXfHaXY9jPuCxagu6"
"11936",7,"Do You Think About Me","spotify:track:1Wy1OamvG0REeBK59WbXur"
"16814",50,"O Tempo de Deus (feat. John Nascimento)","spotify:track:4Cv0zyNdOe46nuIablBQf1"
"15627",58,"Caso Indefinido","spotify:track:5d4aI3amSnykflQSkqxmE4"
"6508",33,"comment faire ?","spotify:track:7xW8g8Nj2mcStnqfaIcYOZ"
"27107",36,"Lonely","spotify:track:3kTWm7rhYhf2slAPcJs3ct"
"20907",40,"Spoonful'","spotify:track:43usRpZqz4BqLrgKEpzaIQ"
"21446",37,"Devolvi (feat. Núbia Lafayette)","spotify:track:0DgSFWMx7cpmSPuPywuPxa"
"36245",14,"F.S.B.R","spotify:track:4LGfAynb5ui4CcjnOQlF8L"
"38841",30,"Treat You The Best","spotify:track:3M35DEXo4oLF5oK8wOYE5v"
"19848",0,"Trippin","spotify:track:0mY7hVuUlDGMyVD53DXeB8"
"30025",23,"Ride With Me","spotify:track:5BrENoXdkdzbozCDFu2ekG"
